{
  "pneumonia": {
    "precision": 0.995186136071887,
    "recall": 1.0,
    "f1-score": 0.9975872607366897,
    "support": 3101.0
  },
  "normal": {
    "precision": 1.0,
    "recall": 0.983370288248337,
    "f1-score": 0.9916154276131918,
    "support": 902.0
  },
  "accuracy": 0.9962528103922058,
  "macro avg": {
    "precision": 0.9975930680359435,
    "recall": 0.9916851441241685,
    "f1-score": 0.9946013441749407,
    "support": 4003.0
  },
  "weighted avg": {
    "precision": 0.9962708488530905,
    "recall": 0.9962528103922058,
    "f1-score": 0.9962416215966959,
    "support": 4003.0
  }
}