{
  "threshold": 0.4,
  "accuracy": 0.76,
  "auc": 0.7472899728997291,
  "f1_score": 0.3333333333333333,
  "precision": 0.3333333333333333,
  "recall": 0.3333333333333333,
  "sensitivity": 0.3333333333333333,
  "specificity": 0.8536585365853658,
  "ppv": 0.3333333333333333,
  "npv": 0.8536585365853658,
  "confusion_matrix": {
    "true_positives": 6,
    "true_negatives": 70,
    "false_positives": 12,
    "false_negatives": 12
  }
}