{
  "accuracy": 0.8691588785046729,
  "auc": 0.8377028714107366,
  "f1_score": 0.5333333333333333,
  "precision": 0.6666666666666666,
  "recall": 0.4444444444444444,
  "sensitivity": 0.4444444444444444,
  "specificity": 0.9550561797752809,
  "ppv": 0.6666666666666666,
  "npv": 0.8947368421052632,
  "confusion_matrix": {
    "true_positives": 8,
    "true_negatives": 85,
    "false_positives": 4,
    "false_negatives": 10
  }
}