{
  "threshold": 0.6,
  "accuracy": 0.79,
  "auc": 0.7472899728997291,
  "f1_score": 0.2222222222222222,
  "precision": 0.3333333333333333,
  "recall": 0.16666666666666666,
  "sensitivity": 0.16666666666666666,
  "specificity": 0.926829268292683,
  "ppv": 0.3333333333333333,
  "npv": 0.8351648351648352,
  "confusion_matrix": {
    "true_positives": 3,
    "true_negatives": 76,
    "false_positives": 6,
    "false_negatives": 15
  }
}