{
  "accuracy": 0.7924056957282039,
  "auc": 0.8775761484565097,
  "f1_score": 0.630173564753004,
  "precision": 0.5263940520446097,
  "recall": 0.7849223946784922,
  "sensitivity": 0.7849223946784922,
  "specificity": 0.7945823927765236,
  "ppv": 0.5263940520446097,
  "npv": 0.927012791572611,
  "true_positives": 708,
  "true_negatives": 2464,
  "false_positives": 637,
  "false_negatives": 194
}