{
  "Normal": {
    "precision": 0.8947368421052632,
    "recall": 0.9550561797752809,
    "f1-score": 0.9239130434782609,
    "support": 89.0
  },
  "Pneumonia": {
    "precision": 0.6666666666666666,
    "recall": 0.4444444444444444,
    "f1-score": 0.5333333333333333,
    "support": 18.0
  },
  "accuracy": 0.8691588785046729,
  "macro avg": {
    "precision": 0.7807017543859649,
    "recall": 0.6997503121098627,
    "f1-score": 0.7286231884057971,
    "support": 107.0
  },
  "weighted avg": {
    "precision": 0.8563698967043778,
    "recall": 0.8691588785046729,
    "f1-score": 0.8582080455099552,
    "support": 107.0
  }
}