{
  "Normal": {
    "precision": 0.8351648351648352,
    "recall": 0.926829268292683,
    "f1-score": 0.8786127167630058,
    "support": 82.0
  },
  "Pneumonia": {
    "precision": 0.3333333333333333,
    "recall": 0.16666666666666666,
    "f1-score": 0.2222222222222222,
    "support": 18.0
  },
  "accuracy": 0.79,
  "macro avg": {
    "precision": 0.5842490842490843,
    "recall": 0.5467479674796748,
    "f1-score": 0.550417469492614,
    "support": 100.0
  },
  "weighted avg": {
    "precision": 0.7448351648351648,
    "recall": 0.79,
    "f1-score": 0.7604624277456647,
    "support": 100.0
  }
}