{
  "Normal": {
    "precision": 0.8846153846153846,
    "recall": 0.8414634146341463,
    "f1-score": 0.8625,
    "support": 82.0
  },
  "Pneumonia": {
    "precision": 0.4090909090909091,
    "recall": 0.5,
    "f1-score": 0.45,
    "support": 18.0
  },
  "accuracy": 0.78,
  "macro avg": {
    "precision": 0.6468531468531469,
    "recall": 0.6707317073170731,
    "f1-score": 0.65625,
    "support": 100.0
  },
  "weighted avg": {
    "precision": 0.7990209790209789,
    "recall": 0.78,
    "f1-score": 0.78825,
    "support": 100.0
  }
}