{
  "threshold": 0.5,
  "accuracy": 0.79,
  "auc": 0.7472899728997291,
  "f1_score": 0.3225806451612903,
  "precision": 0.38461538461538464,
  "recall": 0.2777777777777778,
  "sensitivity": 0.2777777777777778,
  "specificity": 0.9024390243902439,
  "ppv": 0.38461538461538464,
  "npv": 0.8505747126436781,
  "confusion_matrix": {
    "true_positives": 5,
    "true_negatives": 74,
    "false_positives": 8,
    "false_negatives": 13
  }
}