{
  "threshold": 0.3,
  "accuracy": 0.78,
  "auc": 0.7472899728997291,
  "f1_score": 0.45,
  "precision": 0.4090909090909091,
  "recall": 0.5,
  "sensitivity": 0.5,
  "specificity": 0.8414634146341463,
  "ppv": 0.4090909090909091,
  "npv": 0.8846153846153846,
  "confusion_matrix": {
    "true_positives": 9,
    "true_negatives": 69,
    "false_positives": 13,
    "false_negatives": 9
  }
}