{
  "Normal": {
    "precision": 0.8505747126436781,
    "recall": 0.9024390243902439,
    "f1-score": 0.8757396449704142,
    "support": 82.0
  },
  "Pneumonia": {
    "precision": 0.38461538461538464,
    "recall": 0.2777777777777778,
    "f1-score": 0.3225806451612903,
    "support": 18.0
  },
  "accuracy": 0.79,
  "macro avg": {
    "precision": 0.6175950486295314,
    "recall": 0.5901084010840109,
    "f1-score": 0.5991601450658522,
    "support": 100.0
  },
  "weighted avg": {
    "precision": 0.7667020335985852,
    "recall": 0.79,
    "f1-score": 0.776171025004772,
    "support": 100.0
  }
}