{
  "Normal": {
    "precision": 0.6440677966101694,
    "recall": 0.8260869565217391,
    "f1-score": 0.7238095238095238,
    "support": 46.0
  },
  "Pneumonia": {
    "precision": 0.8333333333333334,
    "recall": 0.6557377049180327,
    "f1-score": 0.7339449541284404,
    "support": 61.0
  },
  "accuracy": 0.7289719626168224,
  "macro avg": {
    "precision": 0.7387005649717514,
    "recall": 0.7409123307198859,
    "f1-score": 0.7288772389689822,
    "support": 107.0
  },
  "weighted avg": {
    "precision": 0.751966840910291,
    "recall": 0.7289719626168224,
    "f1-score": 0.7295876663277847,
    "support": 107.0
  }
}