{
  "accuracy": 0.7289719626168224,
  "auc": 0.7954383464005701,
  "f1_score": 0.7339449541284404,
  "precision": 0.8333333333333334,
  "recall": 0.6557377049180327,
  "sensitivity": 0.6557377049180327,
  "specificity": 0.8260869565217391,
  "ppv": 0.8333333333333334,
  "npv": 0.6440677966101694,
  "confusion_matrix": {
    "true_positives": 40,
    "true_negatives": 38,
    "false_positives": 8,
    "false_negatives": 21
  }
}